[
	{
		"ID": 1,
		"name": "Business",
		"builder_type": "droip",
		"src": "https://github.com/nur-alam/owl/raw/refs/heads/main/files/business-template.zip",
		"preview_image": "https://raw.githubusercontent.com/nur-alam/owl/refs/heads/main/files/beatlab-template-preview-img.jpg",
		"preview_url": ""
	},
	{
		"ID": 2,
		"name": "Music",
		"builder_type": "droip",
		"src": "https://github.com/nur-alam/owl/raw/refs/heads/main/files/photography-templates.zip",
		"preview_image": "https://raw.githubusercontent.com/nur-alam/owl/refs/heads/main/files/edumax-template-preview-img.png",
		"preview_url": ""
	},
	{
		"ID": 3,
		"name": "Photography",
		"builder_type": "droip",
		"src": "https://github.com/nur-alam/owl/raw/refs/heads/main/files/photography-templates.zip",
		"preview_image": "https://raw.githubusercontent.com/nur-alam/owl/refs/heads/main/files/beatlab-template-preview-img.jpg",
		"preview_url": ""
	},
	{
		"ID": 4,
		"name": "Photography",
		"builder_type": "droip",
		"src": "https://github.com/nur-alam/owl/raw/refs/heads/main/files/photography-templates.zip",
		"preview_image": "https://raw.githubusercontent.com/nur-alam/owl/refs/heads/main/files/edumax-template-preview-img.png",
		"preview_url": ""
	},
	{
		"ID": 5,
		"name": "Entrepreneurship",
		"builder_type": "droip",
		"src": "https://github.com/nur-alam/owl/raw/refs/heads/main/files/photography-templates.zip",
		"preview_image": "https://raw.githubusercontent.com/nur-alam/owl/refs/heads/main/files/beatlab-template-preview-img.jpg",
		"preview_url": ""
	}
]